,t,x,y,z,speed_x,speed_y,speed_z
0,0.0,-5371912062.690875,1000.0,-110466291.88914874,100.0,0.0,0.0
1,0.1,-5371910707.8983755,999.95095,-110466264.23527375,26995.850000000002,-0.9810000000000001,553.0775
2,0.2,-5369218155.432625,902.042245,-110410895.66891125,53824053.465,-1957.1931000000004,1106818.24975
3,0.30000000000000004,0.0,0.0,0.0,107330539055.18748,-3902839.741710001,2207111095.1284747
